campaign_id,campaign_name,date,impressions,clicks,ad_spend,platform
CAMP_M001,viral video promo - reels,2025-06-01,10935.0,702.0,542.35,meta_ads
CAMP_M001,viral video promo - reels,2025-06-02,16481.0,1228.0,431.81,meta_ads
CAMP_M001,VIRAL VIDEO PROMO - REELS,2025-06-03,10999.0,714.0,339.76,meta_ads
CAMP_M001,Viral Video Promo - Reels,2025-06-04,13552.0,944.0,569.48,meta_ads
CAMP_M001,  Viral Video Promo - Reels  ,2025-06-05,12999.0,825.0,466.87,meta_ads
CAMP_M001,Viral Video Promo - Reels,2025-06-06,18795.0,1394.0,591.41,meta_ads
CAMP_M001,viral video promo - reels,2025-06-07,14890.0,910.0,541.2,meta_ads
CAMP_M001,VIRAL VIDEO PROMO - REELS,2025-06-08,15653.0,959.0,323.8,meta_ads
CAMP_M001,viral video promo - reels,2025-06-09,14771.0,1036.0,368.42,meta_ads
CAMP_M001,  Viral Video Promo - Reels  ,2025-06-10,19516.0,1253.0,587.9,meta_ads
CAMP_M001,VIRAL VIDEO PROMO - REELS,2025-06-11,17099.0,1387.0,545.94,meta_ads
CAMP_M001,VIRAL VIDEO PROMO - REELS,06/12/2025,13238.0,836.0,499.39,meta_ads
CAMP_M001,VIRAL VIDEO PROMO - REELS,2025-06-13,12756.0,801.0,357.22,meta_ads
CAMP_M001,  Viral Video Promo - Reels  ,2025-06-14,14210.0,891.0,430.01,meta_ads
CAMP_M001,Viral Video Promo - Reels,2025-06-15,15790.0,1180.0,446.09,meta_ads
CAMP_M001,viral video promo - reels,2025-06-16,14970.0,1113.0,307.94,meta_ads
CAMP_M001,Viral Video Promo - Reels,06/17/2025,12559.0,1130.0,515.61,meta_ads
CAMP_M001,Viral Video Promo - Reels,2025-06-18,10618.0,645.0,479.89,meta_ads
CAMP_M001,VIRAL VIDEO PROMO - REELS,2025-06-19,19370.0,1480.0,484.99,meta_ads
CAMP_M001,Viral Video Promo - Reels,20-Jun-2025,17375.0,1096.0,325.67,meta_ads
CAMP_M001,Viral Video Promo - Reels,2025-06-21,14340.0,1165.0,540.4,meta_ads
CAMP_M001,viral video promo - reels,2025-06-22,14065.0,1202.0,451.94,meta_ads
CAMP_M001,viral video promo - reels,2025-06-23,12749.0,775.0,372.8,meta_ads
CAMP_M001,  Viral Video Promo - Reels  ,2025-06-24,15247.0,1319.0,387.7,meta_ads
CAMP_M001,Viral Video Promo - Reels,2025-06-25,18218.0,1179.0,331.05,meta_ads
CAMP_M001,  Viral Video Promo - Reels  ,2025-06-26,17956.0,1395.0,532.15,meta_ads
CAMP_M001,  Viral Video Promo - Reels  ,2025-06-27,11161.0,683.0,398.68,meta_ads
CAMP_M001,VIRAL VIDEO PROMO - REELS,2025-06-28,15606.0,1161.0,503.38,meta_ads
CAMP_M001,  Viral Video Promo - Reels  ,2025-06-29,13462.0,1044.0,478.93,meta_ads
CAMP_M001,  Viral Video Promo - Reels  ,2025-06-30,16941.0,1345.0,340.52,meta_ads
CAMP_M001,  Viral Video Promo - Reels  ,2025-07-01,10363.0,888.0,348.95,meta_ads
CAMP_M001,VIRAL VIDEO PROMO - REELS,2025-07-02,10101.0,883.0,436.48,meta_ads
CAMP_M001,Viral Video Promo - Reels,2025-07-03,18663.0,1636.0,467.05,meta_ads
CAMP_M001,viral video promo - reels,2025-07-04,15490.0,,431.78,meta_ads
CAMP_M001,Viral Video Promo - Reels,2025-07-05,16987.0,1516.0,308.5,meta_ads
CAMP_M001,  Viral Video Promo - Reels  ,2025-07-06,10747.0,680.0,507.59,meta_ads
CAMP_M001,viral video promo - reels,2025-07-07,18345.0,1389.0,572.16,meta_ads
CAMP_M001,Viral Video Promo - Reels,2025-07-08,15159.0,1024.0,451.79,meta_ads
CAMP_M001,viral video promo - reels,2025-07-09,11339.0,854.0,316.31,meta_ads
CAMP_M001,viral video promo - reels,2025-07-10,16200.0,1354.0,317.19,meta_ads
CAMP_M001,  Viral Video Promo - Reels  ,2025-07-11,13423.0,1071.0,420.78,meta_ads
CAMP_M001,VIRAL VIDEO PROMO - REELS,2025-07-12,10863.0,938.0,577.29,meta_ads
CAMP_M001,Viral Video Promo - Reels,2025-07-13,15576.0,1395.0,374.37,meta_ads
CAMP_M001,Viral Video Promo - Reels,2025-07-14,13288.0,926.0,302.13,meta_ads
CAMP_M001,VIRAL VIDEO PROMO - REELS,2025-07-15,11878.0,727.0,409.31,meta_ads
CAMP_M001,Viral Video Promo - Reels,2025-07-16,16791.0,1389.0,398.43,meta_ads
CAMP_M001,viral video promo - reels,2025-07-17,15592.0,936.0,310.53,meta_ads
CAMP_M001,viral video promo - reels,2025-07-18,19376.0,1687.0,306.13,meta_ads
CAMP_M001,VIRAL VIDEO PROMO - REELS,2025-07-19,17896.0,1077.0,386.46,meta_ads
CAMP_M001,  Viral Video Promo - Reels  ,2025-07-20,16197.0,1118.0,393.11,meta_ads
CAMP_M001,Viral Video Promo - Reels,2025-07-21,14471.0,1108.0,422.85,meta_ads
CAMP_M001,viral video promo - reels,2025-07-22,18267.0,1594.0,579.63,meta_ads
CAMP_M001,VIRAL VIDEO PROMO - REELS,2025-07-23,17053.0,1452.0,468.89,meta_ads
CAMP_M001,Viral Video Promo - Reels,2025-07-24,16764.0,1381.0,362.59,meta_ads
CAMP_M001,VIRAL VIDEO PROMO - REELS,2025-07-25,10024.0,859.0,483.01,meta_ads
CAMP_M001,Viral Video Promo - Reels,2025-07-26,17171.0,1421.0,417.61,meta_ads
CAMP_M001,  Viral Video Promo - Reels  ,2025-07-27,15705.0,943.0,493.46,meta_ads
CAMP_M001,  Viral Video Promo - Reels  ,2025-07-28,14966.0,1262.0,504.41,meta_ads
CAMP_M001,Viral Video Promo - Reels,2025-07-29,17073.0,1530.0,591.38,meta_ads
CAMP_M001,  Viral Video Promo - Reels  ,2025-07-30,16094.0,1049.0,463.01,meta_ads
CAMP_M001,  Viral Video Promo - Reels  ,2025-07-31,18683.0,1182.0,414.28,meta_ads
CAMP_M001,Viral Video Promo - Reels,2025-08-01,11085.0,716.0,551.29,meta_ads
CAMP_M001,  Viral Video Promo - Reels  ,2025-08-02,10164.0,754.0,349.31,meta_ads
CAMP_M001,  Viral Video Promo - Reels  ,2025-08-03,12283.0,955.0,346.33,meta_ads
CAMP_M001,viral video promo - reels,2025-08-04,15441.0,1337.0,367.57,meta_ads
CAMP_M001,  Viral Video Promo - Reels  ,2025-08-05,14801.0,1331.0,334.33,meta_ads
CAMP_M001,Viral Video Promo - Reels,2025-08-06,,1092.0,455.77,meta_ads
CAMP_M001,  Viral Video Promo - Reels  ,2025-08-07,14983.0,1315.0,486.81,meta_ads
CAMP_M001,Viral Video Promo - Reels,2025-08-08,15039.0,1310.0,355.33,meta_ads
CAMP_M001,Viral Video Promo - Reels,2025-08-09,18608.0,1386.0,551.16,meta_ads
CAMP_M001,VIRAL VIDEO PROMO - REELS,2025-08-10,11404.0,789.0,433.72,meta_ads
CAMP_M001,  Viral Video Promo - Reels  ,2025-08-11,18201.0,1232.0,523.58,meta_ads
CAMP_M001,Viral Video Promo - Reels,2025-08-12,17921.0,1291.0,516.74,meta_ads
CAMP_M001,VIRAL VIDEO PROMO - REELS,2025-08-13,13904.0,1036.0,533.81,meta_ads
CAMP_M001,viral video promo - reels,08/14/2025,13281.0,1118.0,326.04,meta_ads
CAMP_M001,  Viral Video Promo - Reels  ,2025-08-15,19977.0,1720.0,564.85,meta_ads
CAMP_M001,Viral Video Promo - Reels,2025-08-16,12868.0,822.0,450.36,meta_ads
CAMP_M001,viral video promo - reels,2025-08-17,10040.0,646.0,373.94,meta_ads
CAMP_M001,  Viral Video Promo - Reels  ,2025-08-18,16561.0,1156.0,484.51,meta_ads
CAMP_M001,  Viral Video Promo - Reels  ,2025-08-19,16946.0,1203.0,347.92,meta_ads
CAMP_M001,viral video promo - reels,2025-08-20,16218.0,1108.0,435.27,meta_ads
CAMP_M001,VIRAL VIDEO PROMO - REELS,2025-08-21,15607.0,1351.0,501.73,meta_ads
CAMP_M001,viral video promo - reels,2025-08-22,11063.0,984.0,479.66,meta_ads
CAMP_M001,  Viral Video Promo - Reels  ,2025-08-23,10618.0,899.0,364.99,meta_ads
CAMP_M001,  Viral Video Promo - Reels  ,2025-08-24,12765.0,777.0,544.75,meta_ads
CAMP_M001,Viral Video Promo - Reels,2025-08-25,17559.0,1238.0,416.8,meta_ads
CAMP_M001,Viral Video Promo - Reels,2025-08-26,12973.0,860.0,392.77,meta_ads
CAMP_M001,VIRAL VIDEO PROMO - REELS,2025-08-27,10829.0,,425.12,meta_ads
CAMP_M001,viral video promo - reels,2025-08-28,12126.0,1058.0,567.0,meta_ads
CAMP_M001,Viral Video Promo - Reels,2025-08-29,14198.0,942.0,338.58,meta_ads
CAMP_M001,Viral Video Promo - Reels,2025-08-30,13599.0,1065.0,388.88,meta_ads
CAMP_M001,VIRAL VIDEO PROMO - REELS,2025-08-31,18784.0,1309.0,471.45,meta_ads
CAMP_M002,Niche Community Outreach,2025-06-01,4714.0,23.0,65.54,meta_ads
CAMP_M002,  Niche Community Outreach  ,2025-06-02,2783.0,16.0,97.14,meta_ads
CAMP_M002,Niche Community Outreach,2025-06-03,2616.0,18.0,45.54,meta_ads
CAMP_M002,NICHE COMMUNITY OUTREACH,06/04/2025,3771.0,21.0,42.84,meta_ads
CAMP_M002,  Niche Community Outreach  ,2025-06-05,3790.0,32.0,54.64,meta_ads
CAMP_M002,Niche Community Outreach,2025-06-06,2682.0,13.0,59.88,meta_ads
CAMP_M002,Niche Community Outreach,2025-06-07,4703.0,39.0,85.5,meta_ads
CAMP_M002,  Niche Community Outreach  ,2025-06-08,5057.0,41.0,83.82,meta_ads
CAMP_M002,  Niche Community Outreach  ,2025-06-09,3926.0,28.0,70.9,meta_ads
CAMP_M002,NICHE COMMUNITY OUTREACH,2025-06-10,4960.0,40.0,97.71,meta_ads
CAMP_M002,Niche Community Outreach,2025-06-11,4771.0,41.0,94.41,meta_ads
CAMP_M002,Niche Community Outreach,2025-06-12,3002.0,27.0,55.3,meta_ads
CAMP_M002,NICHE COMMUNITY OUTREACH,2025-06-13,3824.0,19.0,51.34,meta_ads
CAMP_M002,  Niche Community Outreach  ,2025-06-14,2770.0,21.0,55.01,meta_ads
CAMP_M002,  Niche Community Outreach  ,2025-06-15,3101.0,14.0,70.69,meta_ads
CAMP_M002,NICHE COMMUNITY OUTREACH,2025-06-16,3894.0,22.0,55.7,meta_ads
CAMP_M002,Niche Community Outreach,2025-06-17,2995.0,27.0,59.62,meta_ads
CAMP_M002,niche community outreach,2025-06-18,2675.0,21.0,70.75,meta_ads
CAMP_M002,niche community outreach,2025-06-19,4392.0,38.0,97.68,meta_ads
CAMP_M002,NICHE COMMUNITY OUTREACH,2025-06-20,4878.0,31.0,82.27,meta_ads
CAMP_M002,niche community outreach,2025-06-21,5386.0,24.0,90.17,meta_ads
CAMP_M002,  Niche Community Outreach  ,2025-06-22,4074.0,35.0,97.61,meta_ads
CAMP_M002,Niche Community Outreach,06/23/2025,4595.0,23.0,59.49,meta_ads
CAMP_M002,  Niche Community Outreach  ,2025-06-24,2960.0,20.0,79.19,meta_ads
CAMP_M002,  Niche Community Outreach  ,2025-06-25,3746.0,20.0,40.93,meta_ads
CAMP_M002,  Niche Community Outreach  ,2025-06-26,3034.0,12.0,49.45,meta_ads
CAMP_M002,NICHE COMMUNITY OUTREACH,2025-06-27,5307.0,42.0,74.07,meta_ads
CAMP_M002,NICHE COMMUNITY OUTREACH,2025-06-28,2684.0,17.0,63.42,meta_ads
CAMP_M002,  Niche Community Outreach  ,2025-06-29,4558.0,37.0,86.11,meta_ads
CAMP_M002,Niche Community Outreach,2025-06-30,2593.0,20.0,72.7,meta_ads
CAMP_M002,  Niche Community Outreach  ,2025-07-01,5307.0,38.0,68.55,meta_ads
CAMP_M002,Niche Community Outreach,2025-07-02,3911.0,21.0,66.39,meta_ads
CAMP_M002,NICHE COMMUNITY OUTREACH,2025-07-03,4885.0,26.0,80.95,meta_ads
CAMP_M002,  Niche Community Outreach  ,2025-07-04,4324.0,38.0,70.5,meta_ads
CAMP_M002,Niche Community Outreach,2025-07-05,3209.0,17.0,65.44,meta_ads
CAMP_M002,  Niche Community Outreach  ,2025-07-06,3673.0,26.0,53.19,meta_ads
CAMP_M002,Niche Community Outreach,07/07/2025,4619.0,20.0,68.2,meta_ads
CAMP_M002,NICHE COMMUNITY OUTREACH,2025-07-08,4528.0,26.0,96.96,meta_ads
CAMP_M002,NICHE COMMUNITY OUTREACH,2025-07-09,3272.0,23.0,68.02,meta_ads
CAMP_M002,NICHE COMMUNITY OUTREACH,10-Jul-2025,2834.0,13.0,99.94,meta_ads
CAMP_M002,niche community outreach,2025-07-11,5359.0,22.0,65.12,meta_ads
CAMP_M002,  Niche Community Outreach  ,07/12/2025,4639.0,29.0,98.47,meta_ads
CAMP_M002,Niche Community Outreach,2025-07-13,5461.0,45.0,95.74,meta_ads
CAMP_M002,  Niche Community Outreach  ,2025-07-14,4490.0,30.0,71.39,meta_ads
CAMP_M002,  Niche Community Outreach  ,2025-07-15,3433.0,21.0,48.01,meta_ads
CAMP_M002,NICHE COMMUNITY OUTREACH,2025-07-16,4931.0,37.0,71.82,meta_ads
CAMP_M002,NICHE COMMUNITY OUTREACH,2025-07-17,4939.0,42.0,72.82,meta_ads
CAMP_M002,niche community outreach,2025-07-18,3924.0,33.0,63.18,meta_ads
CAMP_M002,Niche Community Outreach,2025-07-19,4056.0,27.0,79.63,meta_ads
CAMP_M002,NICHE COMMUNITY OUTREACH,2025-07-20,5101.0,29.0,95.38,meta_ads
CAMP_M002,Niche Community Outreach,2025-07-21,4110.0,33.0,48.33,meta_ads
CAMP_M002,niche community outreach,2025-07-22,4258.0,28.0,42.16,meta_ads
CAMP_M002,Niche Community Outreach,2025-07-23,,26.0,69.86,meta_ads
CAMP_M002,niche community outreach,2025-07-24,3057.0,15.0,76.5,meta_ads
CAMP_M002,niche community outreach,2025-07-25,3129.0,14.0,92.54,meta_ads
CAMP_M002,NICHE COMMUNITY OUTREACH,2025-07-26,5378.0,47.0,82.9,meta_ads
CAMP_M002,  Niche Community Outreach  ,2025-07-27,5468.0,48.0,46.36,meta_ads
CAMP_M002,niche community outreach,2025-07-28,2889.0,22.0,56.43,meta_ads
CAMP_M002,  Niche Community Outreach  ,2025-07-29,3994.0,19.0,65.93,meta_ads
CAMP_M002,Niche Community Outreach,2025-07-30,2935.0,19.0,51.82,meta_ads
CAMP_M002,  Niche Community Outreach  ,2025-07-31,,13.0,69.61,meta_ads
CAMP_M002,niche community outreach,2025-08-01,3823.0,26.0,54.05,meta_ads
CAMP_M002,  Niche Community Outreach  ,2025-08-02,3160.0,20.0,99.43,meta_ads
CAMP_M002,  Niche Community Outreach  ,03-Aug-2025,3769.0,17.0,59.41,meta_ads
CAMP_M002,niche community outreach,2025-08-04,2785.0,17.0,60.38,meta_ads
CAMP_M002,NICHE COMMUNITY OUTREACH,2025-08-05,3571.0,29.0,54.46,meta_ads
CAMP_M002,Niche Community Outreach,2025-08-06,3986.0,19.0,49.69,meta_ads
CAMP_M002,  Niche Community Outreach  ,2025-08-07,3017.0,26.0,42.58,meta_ads
CAMP_M002,Niche Community Outreach,2025-08-08,3252.0,20.0,45.26,meta_ads
CAMP_M002,niche community outreach,2025-08-09,3080.0,17.0,94.14,meta_ads
CAMP_M002,NICHE COMMUNITY OUTREACH,2025-08-10,4456.0,33.0,68.8,meta_ads
CAMP_M002,  Niche Community Outreach  ,2025-08-11,3565.0,26.0,72.77,meta_ads
CAMP_M002,  Niche Community Outreach  ,2025-08-12,3440.0,28.0,62.73,meta_ads
CAMP_M002,  Niche Community Outreach  ,2025-08-13,4761.0,22.0,95.48,meta_ads
CAMP_M002,NICHE COMMUNITY OUTREACH,2025-08-14,3224.0,17.0,62.0,meta_ads
CAMP_M002,NICHE COMMUNITY OUTREACH,2025-08-15,4507.0,30.0,66.92,meta_ads
CAMP_M002,  Niche Community Outreach  ,2025-08-16,3379.0,30.0,63.71,meta_ads
CAMP_M002,  Niche Community Outreach  ,2025-08-17,4611.0,22.0,75.17,meta_ads
CAMP_M002,niche community outreach,2025-08-18,3344.0,25.0,94.61,meta_ads
CAMP_M002,Niche Community Outreach,08/19/2025,4442.0,27.0,50.49,meta_ads
CAMP_M002,NICHE COMMUNITY OUTREACH,2025-08-20,3720.0,27.0,74.44,meta_ads
CAMP_M002,Niche Community Outreach,2025-08-21,3608.0,19.0,83.76,meta_ads
CAMP_M002,niche community outreach,2025-08-22,5270.0,35.0,77.02,meta_ads
CAMP_M002,NICHE COMMUNITY OUTREACH,2025-08-23,2802.0,22.0,90.16,meta_ads
CAMP_M002,niche community outreach,2025-08-24,3469.0,24.0,77.31,meta_ads
CAMP_M002,  Niche Community Outreach  ,2025-08-25,3385.0,25.0,73.58,meta_ads
CAMP_M002,niche community outreach,2025-08-26,2786.0,21.0,83.67,meta_ads
CAMP_M002,niche community outreach,2025-08-27,3465.0,28.0,86.25,meta_ads
CAMP_M002,  Niche Community Outreach  ,2025-08-28,3303.0,23.0,91.91,meta_ads
CAMP_M002,  Niche Community Outreach  ,2025-08-29,5354.0,43.0,93.22,meta_ads
CAMP_M002,  Niche Community Outreach  ,2025-08-30,2957.0,19.0,68.76,meta_ads
CAMP_M002,niche community outreach,2025-08-31,,33.0,65.65,meta_ads
CAMP_M003,  Retargeting - Lookalike Audience  ,2025-06-01,4591.0,126.0,256.96,meta_ads
CAMP_M003,retargeting - lookalike audience,2025-06-02,6257.0,175.0,125.36,meta_ads
CAMP_M003,Retargeting - Lookalike Audience,2025-06-03,5648.0,116.0,230.47,meta_ads
CAMP_M003,RETARGETING - LOOKALIKE AUDIENCE,2025-06-04,5625.0,158.0,190.08,meta_ads
CAMP_M003,  Retargeting - Lookalike Audience  ,2025-06-05,4528.0,152.0,131.37,meta_ads
CAMP_M003,RETARGETING - LOOKALIKE AUDIENCE,2025-06-06,6857.0,166.0,257.6,meta_ads
CAMP_M003,Retargeting - Lookalike Audience,2025-06-07,5620.0,114.0,184.66,meta_ads
CAMP_M003,RETARGETING - LOOKALIKE AUDIENCE,2025-06-08,8830.0,270.0,279.31,meta_ads
CAMP_M003,RETARGETING - LOOKALIKE AUDIENCE,2025-06-09,7000.0,204.0,277.74,meta_ads
CAMP_M003,Retargeting - Lookalike Audience,2025-06-10,7766.0,170.0,231.91,meta_ads
CAMP_M003,RETARGETING - LOOKALIKE AUDIENCE,2025-06-11,8131.0,175.0,141.43,meta_ads
CAMP_M003,Retargeting - Lookalike Audience,2025-06-12,4863.0,150.0,208.38,meta_ads
CAMP_M003,  Retargeting - Lookalike Audience  ,2025-06-13,6836.0,149.0,261.54,meta_ads
CAMP_M003,Retargeting - Lookalike Audience,2025-06-14,5422.0,174.0,136.93,meta_ads
CAMP_M003,Retargeting - Lookalike Audience,2025-06-15,7880.0,180.0,129.86,meta_ads
CAMP_M003,RETARGETING - LOOKALIKE AUDIENCE,2025-06-16,7647.0,194.0,191.9,meta_ads
CAMP_M003,retargeting - lookalike audience,2025-06-17,5335.0,161.0,131.39,meta_ads
CAMP_M003,  Retargeting - Lookalike Audience  ,2025-06-18,5317.0,107.0,173.51,meta_ads
CAMP_M003,  Retargeting - Lookalike Audience  ,2025-06-19,8428.0,245.0,148.23,meta_ads
CAMP_M003,  Retargeting - Lookalike Audience  ,2025-06-20,8893.0,182.0,237.17,meta_ads
CAMP_M003,  Retargeting - Lookalike Audience  ,2025-06-21,5273.0,136.0,258.9,meta_ads
CAMP_M003,retargeting - lookalike audience,2025-06-22,8024.0,260.0,196.21,meta_ads
CAMP_M003,retargeting - lookalike audience,2025-06-23,5685.0,187.0,123.33,meta_ads
CAMP_M003,  Retargeting - Lookalike Audience  ,2025-06-24,6031.0,134.0,149.88,meta_ads
CAMP_M003,  Retargeting - Lookalike Audience  ,2025-06-25,4817.0,99.0,194.43,meta_ads
CAMP_M003,  Retargeting - Lookalike Audience  ,2025-06-26,8817.0,294.0,165.3,meta_ads
CAMP_M003,  Retargeting - Lookalike Audience  ,2025-06-27,6803.0,179.0,250.48,meta_ads
CAMP_M003,Retargeting - Lookalike Audience,2025-06-28,8993.0,244.0,249.11,meta_ads
CAMP_M003,Retargeting - Lookalike Audience,2025-06-29,4689.0,122.0,257.08,meta_ads
CAMP_M003,Retargeting - Lookalike Audience,2025-06-30,4533.0,115.0,218.48,meta_ads
CAMP_M003,RETARGETING - LOOKALIKE AUDIENCE,2025-07-01,5203.0,175.0,154.62,meta_ads
CAMP_M003,retargeting - lookalike audience,2025-07-02,4879.0,102.0,131.99,meta_ads
CAMP_M003,Retargeting - Lookalike Audience,2025-07-03,6313.0,168.0,214.29,meta_ads
CAMP_M003,RETARGETING - LOOKALIKE AUDIENCE,04-Jul-2025,6623.0,203.0,279.57,meta_ads
CAMP_M003,RETARGETING - LOOKALIKE AUDIENCE,2025-07-05,5065.0,143.0,175.08,meta_ads
CAMP_M003,retargeting - lookalike audience,06-Jul-2025,6842.0,219.0,161.37,meta_ads
CAMP_M003,  Retargeting - Lookalike Audience  ,2025-07-07,7289.0,248.0,246.06,meta_ads
CAMP_M003,Retargeting - Lookalike Audience,2025-07-08,8209.0,232.0,218.97,meta_ads
CAMP_M003,Retargeting - Lookalike Audience,2025-07-09,6979.0,146.0,238.63,meta_ads
CAMP_M003,  Retargeting - Lookalike Audience  ,2025-07-10,4958.0,169.0,130.82,meta_ads
CAMP_M003,Retargeting - Lookalike Audience,2025-07-11,4816.0,98.0,123.99,meta_ads
CAMP_M003,retargeting - lookalike audience,2025-07-12,5073.0,111.0,210.97,meta_ads
CAMP_M003,  Retargeting - Lookalike Audience  ,2025-07-13,8774.0,276.0,260.35,meta_ads
CAMP_M003,RETARGETING - LOOKALIKE AUDIENCE,2025-07-14,5323.0,112.0,224.95,meta_ads
CAMP_M003,  Retargeting - Lookalike Audience  ,2025-07-15,7612.0,261.0,170.22,meta_ads
CAMP_M003,  Retargeting - Lookalike Audience  ,2025-07-16,5592.0,157.0,225.51,meta_ads
CAMP_M003,RETARGETING - LOOKALIKE AUDIENCE,2025-07-17,5031.0,136.0,214.2,meta_ads
CAMP_M003,RETARGETING - LOOKALIKE AUDIENCE,2025-07-18,5778.0,126.0,201.93,meta_ads
CAMP_M003,Retargeting - Lookalike Audience,19-Jul-2025,5263.0,162.0,151.24,meta_ads
CAMP_M003,  Retargeting - Lookalike Audience  ,2025-07-20,6849.0,170.0,156.01,meta_ads
CAMP_M003,  Retargeting - Lookalike Audience  ,2025-07-21,8619.0,212.0,144.68,meta_ads
CAMP_M003,  Retargeting - Lookalike Audience  ,2025-07-22,5404.0,170.0,203.03,meta_ads
CAMP_M003,  Retargeting - Lookalike Audience  ,2025-07-23,6476.0,147.0,241.04,meta_ads
CAMP_M003,Retargeting - Lookalike Audience,2025-07-24,8091.0,252.0,123.11,meta_ads
CAMP_M003,retargeting - lookalike audience,2025-07-25,7180.0,243.0,180.1,meta_ads
CAMP_M003,Retargeting - Lookalike Audience,2025-07-26,6171.0,128.0,238.8,meta_ads
CAMP_M003,  Retargeting - Lookalike Audience  ,07/27/2025,7989.0,224.0,122.24,meta_ads
CAMP_M003,retargeting - lookalike audience,2025-07-28,6798.0,167.0,148.85,meta_ads
CAMP_M003,retargeting - lookalike audience,2025-07-29,7165.0,184.0,149.88,meta_ads
CAMP_M003,  Retargeting - Lookalike Audience  ,2025-07-30,4634.0,114.0,264.31,meta_ads
CAMP_M003,retargeting - lookalike audience,2025-07-31,7091.0,202.0,252.6,meta_ads
CAMP_M003,  Retargeting - Lookalike Audience  ,2025-08-01,5858.0,121.0,170.35,meta_ads
CAMP_M003,  Retargeting - Lookalike Audience  ,2025-08-02,4993.0,134.0,181.02,meta_ads
CAMP_M003,retargeting - lookalike audience,2025-08-03,4591.0,150.0,275.79,meta_ads
CAMP_M003,  Retargeting - Lookalike Audience  ,2025-08-04,6876.0,172.0,143.84,meta_ads
CAMP_M003,  Retargeting - Lookalike Audience  ,2025-08-05,8211.0,216.0,186.36,meta_ads
CAMP_M003,Retargeting - Lookalike Audience,2025-08-06,5287.0,118.0,146.49,meta_ads
CAMP_M003,Retargeting - Lookalike Audience,2025-08-07,5559.0,187.0,164.58,meta_ads
CAMP_M003,retargeting - lookalike audience,2025-08-08,6730.0,201.0,205.81,meta_ads
CAMP_M003,retargeting - lookalike audience,2025-08-09,8866.0,238.0,221.75,meta_ads
CAMP_M003,Retargeting - Lookalike Audience,2025-08-10,8390.0,203.0,244.13,meta_ads
CAMP_M003,RETARGETING - LOOKALIKE AUDIENCE,2025-08-11,6901.0,192.0,256.07,meta_ads
CAMP_M003,RETARGETING - LOOKALIKE AUDIENCE,2025-08-12,5721.0,145.0,196.63,meta_ads
CAMP_M003,RETARGETING - LOOKALIKE AUDIENCE,2025-08-13,7968.0,162.0,192.8,meta_ads
CAMP_M003,RETARGETING - LOOKALIKE AUDIENCE,2025-08-14,5088.0,132.0,185.86,meta_ads
CAMP_M003,  Retargeting - Lookalike Audience  ,2025-08-15,5946.0,171.0,202.52,meta_ads
CAMP_M003,Retargeting - Lookalike Audience,2025-08-16,5014.0,123.0,188.99,meta_ads
CAMP_M003,retargeting - lookalike audience,2025-08-17,5603.0,119.0,186.21,meta_ads
CAMP_M003,Retargeting - Lookalike Audience,2025-08-18,7800.0,221.0,235.87,meta_ads
CAMP_M003,  Retargeting - Lookalike Audience  ,2025-08-19,6978.0,220.0,170.74,meta_ads
CAMP_M003,RETARGETING - LOOKALIKE AUDIENCE,2025-08-20,6764.0,144.0,226.59,meta_ads
CAMP_M003,RETARGETING - LOOKALIKE AUDIENCE,2025-08-21,6147.0,127.0,124.74,meta_ads
CAMP_M003,retargeting - lookalike audience,2025-08-22,6100.0,147.0,276.8,meta_ads
CAMP_M003,retargeting - lookalike audience,08/23/2025,5777.0,122.0,229.32,meta_ads
CAMP_M003,retargeting - lookalike audience,2025-08-24,7541.0,179.0,239.38,meta_ads
CAMP_M003,Retargeting - Lookalike Audience,2025-08-25,4610.0,141.0,278.42,meta_ads
CAMP_M003,  Retargeting - Lookalike Audience  ,2025-08-26,8161.0,183.0,225.69,meta_ads
CAMP_M003,  Retargeting - Lookalike Audience  ,2025-08-27,6992.0,200.0,168.55,meta_ads
CAMP_M003,Retargeting - Lookalike Audience,2025-08-28,6139.0,201.0,150.5,meta_ads
CAMP_M003,  Retargeting - Lookalike Audience  ,2025-08-29,6702.0,142.0,228.46,meta_ads
CAMP_M003,RETARGETING - LOOKALIKE AUDIENCE,2025-08-30,8916.0,268.0,243.05,meta_ads
CAMP_M003,RETARGETING - LOOKALIKE AUDIENCE,2025-08-31,7397.0,246.0,157.67,meta_ads
CAMP_M004,Generic Banner Ads,2025-06-01,7216.0,68.0,246.71,meta_ads
CAMP_M004,generic banner ads,2025-06-02,7989.0,86.0,193.46,meta_ads
CAMP_M004,  Generic Banner Ads  ,2025-06-03,9910.0,128.0,148.27,meta_ads
CAMP_M004,  Generic Banner Ads  ,2025-06-04,6638.0,98.0,229.62,meta_ads
CAMP_M004,  Generic Banner Ads  ,2025-06-05,8802.0,90.0,143.02,meta_ads
CAMP_M004,Generic Banner Ads,2025-06-06,8680.0,101.0,132.3,meta_ads
CAMP_M004,generic banner ads,2025-06-07,11398.0,100.0,193.43,meta_ads
CAMP_M004,  Generic Banner Ads  ,2025-06-08,7171.0,71.0,140.94,meta_ads
CAMP_M004,GENERIC BANNER ADS,2025-06-09,7627.0,96.0,107.95,meta_ads
CAMP_M004,GENERIC BANNER ADS,06/10/2025,7055.0,67.0,130.1,meta_ads
CAMP_M004,GENERIC BANNER ADS,2025-06-11,8843.0,73.0,140.94,meta_ads
CAMP_M004,generic banner ads,2025-06-12,7290.0,74.0,169.56,meta_ads
CAMP_M004,GENERIC BANNER ADS,2025-06-13,6757.0,60.0,162.51,meta_ads
CAMP_M004,generic banner ads,2025-06-14,6644.0,80.0,123.35,meta_ads
CAMP_M004,Generic Banner Ads,2025-06-15,8729.0,75.0,186.89,meta_ads
CAMP_M004,Generic Banner Ads,2025-06-16,8042.0,114.0,141.06,meta_ads
CAMP_M004,generic banner ads,2025-06-17,6209.0,62.0,199.02,meta_ads
CAMP_M004,generic banner ads,2025-06-18,6794.0,58.0,231.2,meta_ads
CAMP_M004,generic banner ads,2025-06-19,10561.0,139.0,249.54,meta_ads
CAMP_M004,generic banner ads,2025-06-20,8718.0,122.0,209.29,meta_ads
CAMP_M004,GENERIC BANNER ADS,2025-06-21,10362.0,145.0,159.99,meta_ads
CAMP_M004,Generic Banner Ads,2025-06-22,8871.0,104.0,216.36,meta_ads
CAMP_M004,  Generic Banner Ads  ,2025-06-23,8054.0,85.0,120.08,meta_ads
CAMP_M004,generic banner ads,2025-06-24,8567.0,79.0,151.96,meta_ads
CAMP_M004,generic banner ads,2025-06-25,9671.0,138.0,185.04,meta_ads
CAMP_M004,  Generic Banner Ads  ,2025-06-26,9542.0,110.0,122.29,meta_ads
CAMP_M004,generic banner ads,2025-06-27,7604.0,93.0,110.52,meta_ads
CAMP_M004,GENERIC BANNER ADS,2025-06-28,7555.0,92.0,161.5,meta_ads
CAMP_M004,GENERIC BANNER ADS,2025-06-29,8059.0,78.0,236.4,meta_ads
CAMP_M004,generic banner ads,2025-06-30,6297.0,56.0,195.75,meta_ads
CAMP_M004,  Generic Banner Ads  ,07/01/2025,10675.0,107.0,110.74,meta_ads
CAMP_M004,GENERIC BANNER ADS,2025-07-02,8659.0,107.0,230.33,meta_ads
CAMP_M004,generic banner ads,2025-07-03,9179.0,97.0,172.38,meta_ads
CAMP_M004,Generic Banner Ads,2025-07-04,8491.0,127.0,109.78,meta_ads
CAMP_M004,  Generic Banner Ads  ,2025-07-05,9023.0,130.0,176.1,meta_ads
CAMP_M004,generic banner ads,2025-07-06,9953.0,119.0,132.15,meta_ads
CAMP_M004,Generic Banner Ads,07/07/2025,8384.0,67.0,166.99,meta_ads
CAMP_M004,  Generic Banner Ads  ,2025-07-08,6450.0,71.0,112.29,meta_ads
CAMP_M004,Generic Banner Ads,2025-07-09,7852.0,118.0,237.45,meta_ads
CAMP_M004,generic banner ads,2025-07-10,11208.0,115.0,212.44,meta_ads
CAMP_M004,GENERIC BANNER ADS,2025-07-11,8946.0,73.0,141.13,meta_ads
CAMP_M004,  Generic Banner Ads  ,2025-07-12,7088.0,66.0,171.88,meta_ads
CAMP_M004,Generic Banner Ads,2025-07-13,8621.0,82.0,106.91,meta_ads
CAMP_M004,GENERIC BANNER ADS,2025-07-14,10378.0,113.0,189.21,meta_ads
CAMP_M004,GENERIC BANNER ADS,2025-07-15,9105.0,116.0,176.16,meta_ads
CAMP_M004,generic banner ads,2025-07-16,6095.0,59.0,175.09,meta_ads
CAMP_M004,generic banner ads,2025-07-17,10288.0,102.0,199.74,meta_ads
CAMP_M004,GENERIC BANNER ADS,2025-07-18,8413.0,78.0,162.1,meta_ads
CAMP_M004,  Generic Banner Ads  ,2025-07-19,9562.0,97.0,202.34,meta_ads
CAMP_M004,GENERIC BANNER ADS,2025-07-20,10960.0,93.0,101.61,meta_ads
CAMP_M004,GENERIC BANNER ADS,2025-07-21,11274.0,124.0,141.24,meta_ads
CAMP_M004,GENERIC BANNER ADS,2025-07-22,7809.0,70.0,198.39,meta_ads
CAMP_M004,GENERIC BANNER ADS,2025-07-23,7210.0,95.0,220.84,meta_ads
CAMP_M004,  Generic Banner Ads  ,07/24/2025,11698.0,132.0,194.54,meta_ads
CAMP_M004,Generic Banner Ads,2025-07-25,7672.0,89.0,232.93,meta_ads
CAMP_M004,Generic Banner Ads,2025-07-26,9973.0,88.0,144.01,meta_ads
CAMP_M004,  Generic Banner Ads  ,2025-07-27,9812.0,108.0,136.68,meta_ads
CAMP_M004,Generic Banner Ads,2025-07-28,9116.0,108.0,133.29,meta_ads
CAMP_M004,  Generic Banner Ads  ,2025-07-29,8181.0,74.0,189.53,meta_ads
CAMP_M004,  Generic Banner Ads  ,2025-07-30,11159.0,155.0,116.36,meta_ads
CAMP_M004,  Generic Banner Ads  ,2025-07-31,11999.0,115.0,142.08,meta_ads
CAMP_M004,  Generic Banner Ads  ,2025-08-01,10152.0,115.0,133.13,meta_ads
CAMP_M004,GENERIC BANNER ADS,2025-08-02,10755.0,124.0,143.27,meta_ads
CAMP_M004,generic banner ads,2025-08-03,10261.0,123.0,231.92,meta_ads
CAMP_M004,Generic Banner Ads,2025-08-04,7300.0,65.0,169.84,meta_ads
CAMP_M004,GENERIC BANNER ADS,2025-08-05,7944.0,109.0,212.32,meta_ads
CAMP_M004,  Generic Banner Ads  ,2025-08-06,8447.0,91.0,124.14,meta_ads
CAMP_M004,generic banner ads,2025-08-07,8846.0,92.0,132.42,meta_ads
CAMP_M004,generic banner ads,2025-08-08,7720.0,103.0,194.47,meta_ads
CAMP_M004,  Generic Banner Ads  ,2025-08-09,9786.0,89.0,154.57,meta_ads
CAMP_M004,Generic Banner Ads,2025-08-10,7127.0,100.0,108.0,meta_ads
CAMP_M004,  Generic Banner Ads  ,2025-08-11,9189.0,125.0,189.28,meta_ads
CAMP_M004,  Generic Banner Ads  ,2025-08-12,10147.0,97.0,211.27,meta_ads
CAMP_M004,  Generic Banner Ads  ,2025-08-13,7366.0,71.0,228.8,meta_ads
CAMP_M004,GENERIC BANNER ADS,2025-08-14,10288.0,94.0,123.86,meta_ads
CAMP_M004,  Generic Banner Ads  ,2025-08-15,7414.0,60.0,155.57,meta_ads
CAMP_M004,Generic Banner Ads,2025-08-16,9728.0,120.0,110.62,meta_ads
CAMP_M004,generic banner ads,2025-08-17,9493.0,103.0,169.77,meta_ads
CAMP_M004,GENERIC BANNER ADS,2025-08-18,11484.0,165.0,133.59,meta_ads
CAMP_M004,generic banner ads,2025-08-19,7843.0,81.0,194.97,meta_ads
CAMP_M004,  Generic Banner Ads  ,2025-08-20,6618.0,53.0,228.24,meta_ads
CAMP_M004,  Generic Banner Ads  ,2025-08-21,9573.0,92.0,125.26,meta_ads
CAMP_M004,Generic Banner Ads,2025-08-22,9691.0,92.0,199.44,meta_ads
CAMP_M004,Generic Banner Ads,2025-08-23,6263.0,69.0,216.1,meta_ads
CAMP_M004,Generic Banner Ads,2025-08-24,8417.0,81.0,179.77,meta_ads
CAMP_M004,Generic Banner Ads,2025-08-25,7181.0,72.0,175.98,meta_ads
CAMP_M004,generic banner ads,2025-08-26,8625.0,125.0,225.99,meta_ads
CAMP_M004,  Generic Banner Ads  ,2025-08-27,9810.0,120.0,165.23,meta_ads
CAMP_M004,Generic Banner Ads,08/28/2025,6153.0,50.0,227.75,meta_ads
CAMP_M004,  Generic Banner Ads  ,2025-08-29,9149.0,113.0,129.73,meta_ads
CAMP_M004,  Generic Banner Ads  ,2025-08-30,11307.0,151.0,136.11,meta_ads
CAMP_M004,Generic Banner Ads,2025-08-31,8388.0,82.0,249.83,meta_ads
CAMP_M005,Seasonal Clearance - Stories,2025-06-01,10432.0,724.0,317.66,meta_ads
CAMP_M005,Seasonal Clearance - Stories,2025-06-02,10082.0,650.0,332.41,meta_ads
CAMP_M005,seasonal clearance - stories,2025-06-03,14424.0,601.0,300.59,meta_ads
CAMP_M005,seasonal clearance - stories,2025-06-04,10304.0,697.0,403.89,meta_ads
CAMP_M005,Seasonal Clearance - Stories,2025-06-05,11486.0,633.0,338.3,meta_ads
CAMP_M005,SEASONAL CLEARANCE - STORIES,2025-06-06,13552.0,942.0,317.0,meta_ads
CAMP_M005,seasonal clearance - stories,2025-06-07,12150.0,747.0,302.34,meta_ads
CAMP_M005,  Seasonal Clearance - Stories  ,2025-06-08,9464.0,643.0,374.08,meta_ads
CAMP_M005,seasonal clearance - stories,2025-06-09,17437.0,849.0,373.67,meta_ads
CAMP_M005,  Seasonal Clearance - Stories  ,2025-06-10,12279.0,858.0,416.68,meta_ads
CAMP_M005,Seasonal Clearance - Stories,11-Jun-2025,16452.0,1083.0,418.98,meta_ads
CAMP_M005,  Seasonal Clearance - Stories  ,2025-06-12,14530.0,941.0,385.16,meta_ads
CAMP_M005,seasonal clearance - stories,2025-06-13,13590.0,885.0,301.53,meta_ads
CAMP_M005,Seasonal Clearance - Stories,2025-06-14,17425.0,758.0,527.92,meta_ads
CAMP_M005,seasonal clearance - stories,2025-06-15,9484.0,523.0,436.79,meta_ads
CAMP_M005,Seasonal Clearance - Stories,2025-06-16,13989.0,791.0,262.56,meta_ads
CAMP_M005,seasonal clearance - stories,2025-06-17,17251.0,1195.0,339.89,meta_ads
CAMP_M005,Seasonal Clearance - Stories,2025-06-18,13300.0,881.0,400.01,meta_ads
CAMP_M005,  Seasonal Clearance - Stories  ,2025-06-19,11046.0,721.0,436.44,meta_ads
CAMP_M005,  Seasonal Clearance - Stories  ,2025-06-20,17365.0,867.0,500.48,meta_ads
CAMP_M005,  Seasonal Clearance - Stories  ,2025-06-21,17049.0,824.0,447.53,meta_ads
CAMP_M005,seasonal clearance - stories,2025-06-22,10956.0,459.0,251.12,meta_ads
CAMP_M005,Seasonal Clearance - Stories,2025-06-23,13097.0,642.0,547.36,meta_ads
CAMP_M005,SEASONAL CLEARANCE - STORIES,2025-06-24,12736.0,757.0,470.05,meta_ads
CAMP_M005,Seasonal Clearance - Stories,2025-06-25,10117.0,505.0,464.93,meta_ads
CAMP_M005,SEASONAL CLEARANCE - STORIES,26-Jun-2025,9421.0,426.0,264.55,meta_ads
CAMP_M005,SEASONAL CLEARANCE - STORIES,27-Jun-2025,13538.0,756.0,447.37,meta_ads
CAMP_M005,  Seasonal Clearance - Stories  ,06/28/2025,15065.0,627.0,509.85,meta_ads
CAMP_M005,  Seasonal Clearance - Stories  ,2025-06-29,13774.0,921.0,421.75,meta_ads
CAMP_M005,seasonal clearance - stories,2025-06-30,10101.0,609.0,514.11,meta_ads
CAMP_M005,Seasonal Clearance - Stories,2025-07-01,12100.0,757.0,412.86,meta_ads
CAMP_M005,Seasonal Clearance - Stories,07/02/2025,10532.0,566.0,301.04,meta_ads
CAMP_M005,Seasonal Clearance - Stories,2025-07-03,9468.0,643.0,271.89,meta_ads
CAMP_M005,SEASONAL CLEARANCE - STORIES,2025-07-04,11206.0,772.0,523.3,meta_ads
CAMP_M005,seasonal clearance - stories,2025-07-05,12376.0,509.0,337.85,meta_ads
CAMP_M005,Seasonal Clearance - Stories,2025-07-06,14048.0,604.0,280.88,meta_ads
CAMP_M005,SEASONAL CLEARANCE - STORIES,2025-07-07,10238.0,411.0,307.89,meta_ads
CAMP_M005,  Seasonal Clearance - Stories  ,2025-07-08,17239.0,900.0,371.51,meta_ads
CAMP_M005,Seasonal Clearance - Stories,2025-07-09,10657.0,461.0,381.28,meta_ads
CAMP_M005,SEASONAL CLEARANCE - STORIES,2025-07-10,11639.0,572.0,328.39,meta_ads
CAMP_M005,  Seasonal Clearance - Stories  ,2025-07-11,13585.0,626.0,280.88,meta_ads
CAMP_M005,Seasonal Clearance - Stories,2025-07-12,9559.0,456.0,491.21,meta_ads
CAMP_M005,seasonal clearance - stories,2025-07-13,14419.0,760.0,377.99,meta_ads
CAMP_M005,  Seasonal Clearance - Stories  ,2025-07-14,14266.0,637.0,515.7,meta_ads
CAMP_M005,  Seasonal Clearance - Stories  ,2025-07-15,11951.0,790.0,525.09,meta_ads
CAMP_M005,Seasonal Clearance - Stories,2025-07-16,16878.0,1093.0,507.91,meta_ads
CAMP_M005,seasonal clearance - stories,2025-07-17,14196.0,874.0,303.34,meta_ads
CAMP_M005,SEASONAL CLEARANCE - STORIES,2025-07-18,11724.0,,363.51,meta_ads
CAMP_M005,  Seasonal Clearance - Stories  ,2025-07-19,16065.0,910.0,342.14,meta_ads
CAMP_M005,seasonal clearance - stories,2025-07-20,13035.0,859.0,450.45,meta_ads
CAMP_M005,SEASONAL CLEARANCE - STORIES,2025-07-21,17923.0,847.0,328.69,meta_ads
CAMP_M005,seasonal clearance - stories,07/22/2025,14520.0,897.0,350.63,meta_ads
CAMP_M005,seasonal clearance - stories,2025-07-23,14690.0,1028.0,338.36,meta_ads
CAMP_M005,SEASONAL CLEARANCE - STORIES,2025-07-24,12829.0,610.0,354.09,meta_ads
CAMP_M005,seasonal clearance - stories,2025-07-25,12564.0,518.0,525.38,meta_ads
CAMP_M005,seasonal clearance - stories,07/26/2025,9778.0,577.0,509.15,meta_ads
CAMP_M005,SEASONAL CLEARANCE - STORIES,2025-07-27,10307.0,458.0,430.68,meta_ads
CAMP_M005,seasonal clearance - stories,2025-07-28,12094.0,762.0,472.77,meta_ads
CAMP_M005,SEASONAL CLEARANCE - STORIES,2025-07-29,12220.0,773.0,458.52,meta_ads
CAMP_M005,Seasonal Clearance - Stories,2025-07-30,,577.0,262.7,meta_ads
CAMP_M005,Seasonal Clearance - Stories,2025-07-31,11683.0,492.0,467.02,meta_ads
CAMP_M005,Seasonal Clearance - Stories,2025-08-01,10834.0,730.0,475.95,meta_ads
CAMP_M005,seasonal clearance - stories,2025-08-02,17140.0,1163.0,428.69,meta_ads
CAMP_M005,seasonal clearance - stories,2025-08-03,16372.0,971.0,273.18,meta_ads
CAMP_M005,SEASONAL CLEARANCE - STORIES,2025-08-04,16961.0,1163.0,378.36,meta_ads
CAMP_M005,  Seasonal Clearance - Stories  ,08/05/2025,11841.0,525.0,549.11,meta_ads
CAMP_M005,SEASONAL CLEARANCE - STORIES,2025-08-06,14376.0,855.0,454.54,meta_ads
CAMP_M005,Seasonal Clearance - Stories,2025-08-07,10947.0,710.0,315.74,meta_ads
CAMP_M005,seasonal clearance - stories,2025-08-08,10700.0,504.0,483.73,meta_ads
CAMP_M005,SEASONAL CLEARANCE - STORIES,2025-08-09,13100.0,890.0,418.56,meta_ads
CAMP_M005,seasonal clearance - stories,2025-08-10,13173.0,698.0,373.49,meta_ads
CAMP_M005,  Seasonal Clearance - Stories  ,2025-08-11,15191.0,626.0,454.55,meta_ads
CAMP_M005,Seasonal Clearance - Stories,2025-08-12,10318.0,584.0,468.81,meta_ads
CAMP_M005,  Seasonal Clearance - Stories  ,2025-08-13,11038.0,712.0,330.29,meta_ads
CAMP_M005,SEASONAL CLEARANCE - STORIES,08/14/2025,10698.0,661.0,390.56,meta_ads
CAMP_M005,Seasonal Clearance - Stories,2025-08-15,17640.0,784.0,356.02,meta_ads
CAMP_M005,seasonal clearance - stories,2025-08-16,16069.0,646.0,529.74,meta_ads
CAMP_M005,Seasonal Clearance - Stories,2025-08-17,16357.0,1110.0,430.3,meta_ads
CAMP_M005,seasonal clearance - stories,2025-08-18,14922.0,788.0,469.5,meta_ads
CAMP_M005,SEASONAL CLEARANCE - STORIES,2025-08-19,10837.0,740.0,296.66,meta_ads
CAMP_M005,seasonal clearance - stories,2025-08-20,16369.0,1018.0,538.16,meta_ads
CAMP_M005,SEASONAL CLEARANCE - STORIES,08/21/2025,12168.0,683.0,383.68,meta_ads
CAMP_M005,SEASONAL CLEARANCE - STORIES,2025-08-22,14170.0,885.0,302.37,meta_ads
CAMP_M005,  Seasonal Clearance - Stories  ,2025-08-23,10604.0,630.0,307.58,meta_ads
CAMP_M005,SEASONAL CLEARANCE - STORIES,2025-08-24,9996.0,432.0,471.98,meta_ads
CAMP_M005,  Seasonal Clearance - Stories  ,2025-08-25,16166.0,715.0,405.51,meta_ads
CAMP_M005,Seasonal Clearance - Stories,2025-08-26,9566.0,654.0,312.32,meta_ads
CAMP_M005,SEASONAL CLEARANCE - STORIES,27-Aug-2025,10886.0,583.0,421.93,meta_ads
CAMP_M005,Seasonal Clearance - Stories,2025-08-28,9002.0,455.0,359.85,meta_ads
CAMP_M005,Seasonal Clearance - Stories,2025-08-29,16925.0,750.0,373.63,meta_ads
CAMP_M005,Seasonal Clearance - Stories,2025-08-30,14969.0,705.0,347.03,meta_ads
CAMP_M005,  Seasonal Clearance - Stories  ,2025-08-31,17679.0,870.0,257.06,meta_ads
CAMP_M003,  Retargeting - Lookalike Audience  ,2025-07-20,6849.0,170.0,156.01,meta_ads
CAMP_M004,Generic Banner Ads,2025-06-06,8680.0,101.0,132.3,meta_ads
CAMP_M001,viral video promo - reels,2025-07-22,18267.0,1594.0,579.63,meta_ads
CAMP_M003,RETARGETING - LOOKALIKE AUDIENCE,2025-07-01,5203.0,175.0,154.62,meta_ads
CAMP_M004,generic banner ads,2025-06-12,7290.0,74.0,169.56,meta_ads
CAMP_M002,niche community outreach,2025-08-04,2785.0,17.0,60.38,meta_ads
CAMP_M005,seasonal clearance - stories,2025-07-05,12376.0,509.0,337.85,meta_ads
CAMP_M003,  Retargeting - Lookalike Audience  ,2025-07-30,4634.0,114.0,264.31,meta_ads
CAMP_M002,NICHE COMMUNITY OUTREACH,2025-08-14,3224.0,17.0,62.0,meta_ads
